Spotify URI,Voter ID,Created,Points Assigned,Comment,Round ID
spotify:track:18fV2NKEnxDAlXSo4Csv6A,d9df39ebaa4148dcad17d8311666f155,2026-05-11T20:13:08Z,1,,580e194f77f74c6baafa521c4bd9fa2a
spotify:track:09S8zwcvSml6jcQKVJ5Owz,d9df39ebaa4148dcad17d8311666f155,2026-05-11T20:13:08Z,1,,580e194f77f74c6baafa521c4bd9fa2a
spotify:track:1gIci1Gg8qoUW2y3jHBGt3,d9df39ebaa4148dcad17d8311666f155,2026-05-11T20:13:08Z,1,,580e194f77f74c6baafa521c4bd9fa2a
spotify:track:2kRFrWaLWiKq48YYVdGcm8,d9df39ebaa4148dcad17d8311666f155,2026-05-11T20:13:08Z,1,,580e194f77f74c6baafa521c4bd9fa2a
spotify:track:57bgtoPSgt236HzfBOd8kj,d9df39ebaa4148dcad17d8311666f155,2026-05-11T20:13:08Z,1,,580e194f77f74c6baafa521c4bd9fa2a
spotify:track:7wCmS9TTVUcIhRalDYFgPy,d9df39ebaa4148dcad17d8311666f155,2026-05-11T20:13:08Z,1,,580e194f77f74c6baafa521c4bd9fa2a
spotify:track:18fV2NKEnxDAlXSo4Csv6A,4ad89e5b9e954a30b70342f39fb86a85,2026-05-12T14:02:13Z,2,,580e194f77f74c6baafa521c4bd9fa2a
spotify:track:1gIci1Gg8qoUW2y3jHBGt3,4ad89e5b9e954a30b70342f39fb86a85,2026-05-12T14:02:13Z,2,,580e194f77f74c6baafa521c4bd9fa2a
spotify:track:1J2mrnPqc43BzJEFhq3Tk2,4ad89e5b9e954a30b70342f39fb86a85,2026-05-12T14:02:13Z,1,,580e194f77f74c6baafa521c4bd9fa2a
spotify:track:1musbempyJAw5gfSKZHXP9,4ad89e5b9e954a30b70342f39fb86a85,2026-05-12T14:02:13Z,1,,580e194f77f74c6baafa521c4bd9fa2a
spotify:track:1gIci1Gg8qoUW2y3jHBGt3,4bef5cf5b9314383b6c61a18935d5f4d,2026-05-14T16:58:50Z,2,,580e194f77f74c6baafa521c4bd9fa2a
spotify:track:1J2mrnPqc43BzJEFhq3Tk2,4bef5cf5b9314383b6c61a18935d5f4d,2026-05-14T16:58:50Z,3,Felt,580e194f77f74c6baafa521c4bd9fa2a
spotify:track:7gDVjl5fEw2OPAtjbW4LzR,4bef5cf5b9314383b6c61a18935d5f4d,2026-05-14T16:58:50Z,1,,580e194f77f74c6baafa521c4bd9fa2a
spotify:track:01KbmYplISaN9umMewD4W8,8fc1dc71014e405da1c76d2fc096a6d6,2026-05-14T20:03:44Z,1,"Loved this tracked, immediately added to the liked list",580e194f77f74c6baafa521c4bd9fa2a
spotify:track:09S8zwcvSml6jcQKVJ5Owz,8fc1dc71014e405da1c76d2fc096a6d6,2026-05-14T20:03:44Z,1,"Yeah sick track I’ve never heard, take a point",580e194f77f74c6baafa521c4bd9fa2a
spotify:track:0JvDcQ2LAzuhV1HujQrAHR,8fc1dc71014e405da1c76d2fc096a6d6,2026-05-14T20:03:44Z,1,"Love me some wu-tang and this wasn’t on my liked list, so added and take a point",580e194f77f74c6baafa521c4bd9fa2a
spotify:track:18fV2NKEnxDAlXSo4Csv6A,8fc1dc71014e405da1c76d2fc096a6d6,2026-05-14T20:03:44Z,1,"Yeah nice a heavy, enjoyed this, take a point",580e194f77f74c6baafa521c4bd9fa2a
spotify:track:1gIci1Gg8qoUW2y3jHBGt3,8fc1dc71014e405da1c76d2fc096a6d6,2026-05-14T20:03:44Z,1,"Not a song in familiar with and I enjoyed it, take a point",580e194f77f74c6baafa521c4bd9fa2a
spotify:track:1musbempyJAw5gfSKZHXP9,8fc1dc71014e405da1c76d2fc096a6d6,2026-05-14T20:03:44Z,0,"Love this tune, unfortunately that worked against you when it comes to my points",580e194f77f74c6baafa521c4bd9fa2a
spotify:track:2kRFrWaLWiKq48YYVdGcm8,8fc1dc71014e405da1c76d2fc096a6d6,2026-05-14T20:03:44Z,0,Yeah great tune but very familiar with it already so no points to give,580e194f77f74c6baafa521c4bd9fa2a
spotify:track:2lwwrWVKdf3LR9lbbhnr6R,8fc1dc71014e405da1c76d2fc096a6d6,2026-05-14T20:03:44Z,0,Fucking love modest mouse and this track rocks so hard… but my points went to songs I didn’t know sorry!,580e194f77f74c6baafa521c4bd9fa2a
spotify:track:57bgtoPSgt236HzfBOd8kj,8fc1dc71014e405da1c76d2fc096a6d6,2026-05-14T20:03:44Z,0,"Yeah almost gave this a point simply for the theme, but so many good new tracks so nothing to give",580e194f77f74c6baafa521c4bd9fa2a
spotify:track:5NRtdsFFlmyE8qDMgS08PE,8fc1dc71014e405da1c76d2fc096a6d6,2026-05-14T20:03:44Z,1,"Fuck yeah paramore, didn’t have this song on the liked list so take a point",580e194f77f74c6baafa521c4bd9fa2a
spotify:track:60a0Rd6pjrkxjPbaKzXjfq,8fc1dc71014e405da1c76d2fc096a6d6,2026-05-14T20:03:44Z,0,"Sorry, love this track but so overplayed ",580e194f77f74c6baafa521c4bd9fa2a
spotify:track:7gDVjl5fEw2OPAtjbW4LzR,8fc1dc71014e405da1c76d2fc096a6d6,2026-05-14T20:03:44Z,0,Fuck I feel bad not giving points to a perfect circle.. but they one of my favorite bands so I’m already familiar with all their tracks unfortunately ,580e194f77f74c6baafa521c4bd9fa2a
spotify:track:7wCmS9TTVUcIhRalDYFgPy,8fc1dc71014e405da1c76d2fc096a6d6,2026-05-14T20:03:44Z,0,"Yeah great song, funny for the theme, but been a constant favorite for years so nothing new get no points unfortunately ",580e194f77f74c6baafa521c4bd9fa2a
spotify:track:01KbmYplISaN9umMewD4W8,2e30f2794fbd48b09ff2e9d38ecc851d,2026-05-14T21:08:11Z,1,,580e194f77f74c6baafa521c4bd9fa2a
spotify:track:0JvDcQ2LAzuhV1HujQrAHR,2e30f2794fbd48b09ff2e9d38ecc851d,2026-05-14T21:08:11Z,1,,580e194f77f74c6baafa521c4bd9fa2a
spotify:track:1J2mrnPqc43BzJEFhq3Tk2,2e30f2794fbd48b09ff2e9d38ecc851d,2026-05-14T21:08:11Z,1,,580e194f77f74c6baafa521c4bd9fa2a
spotify:track:2lwwrWVKdf3LR9lbbhnr6R,2e30f2794fbd48b09ff2e9d38ecc851d,2026-05-14T21:08:11Z,1,,580e194f77f74c6baafa521c4bd9fa2a
spotify:track:57bgtoPSgt236HzfBOd8kj,2e30f2794fbd48b09ff2e9d38ecc851d,2026-05-14T21:08:11Z,1,,580e194f77f74c6baafa521c4bd9fa2a
spotify:track:7gDVjl5fEw2OPAtjbW4LzR,2e30f2794fbd48b09ff2e9d38ecc851d,2026-05-14T21:08:11Z,1,,580e194f77f74c6baafa521c4bd9fa2a
spotify:track:09S8zwcvSml6jcQKVJ5Owz,44c2f542f7c645febc86317b55d78c22,2026-05-14T22:47:59Z,0,Kinda too strange,580e194f77f74c6baafa521c4bd9fa2a
spotify:track:01KbmYplISaN9umMewD4W8,44c2f542f7c645febc86317b55d78c22,2026-05-14T22:47:59Z,0,This song the vocals were a little annoying ,580e194f77f74c6baafa521c4bd9fa2a
spotify:track:0JvDcQ2LAzuhV1HujQrAHR,44c2f542f7c645febc86317b55d78c22,2026-05-14T22:47:59Z,0,The woman yelling ruined it,580e194f77f74c6baafa521c4bd9fa2a
spotify:track:18fV2NKEnxDAlXSo4Csv6A,44c2f542f7c645febc86317b55d78c22,2026-05-14T22:47:59Z,1,Like the beginning not so much the later,580e194f77f74c6baafa521c4bd9fa2a
spotify:track:1J2mrnPqc43BzJEFhq3Tk2,44c2f542f7c645febc86317b55d78c22,2026-05-14T22:47:59Z,1,Ok but gets a bit boring,580e194f77f74c6baafa521c4bd9fa2a
spotify:track:1musbempyJAw5gfSKZHXP9,44c2f542f7c645febc86317b55d78c22,2026-05-14T22:47:59Z,0,Overplayed,580e194f77f74c6baafa521c4bd9fa2a
spotify:track:2kRFrWaLWiKq48YYVdGcm8,44c2f542f7c645febc86317b55d78c22,2026-05-14T22:47:59Z,0,Yikes not my cup of tea at all,580e194f77f74c6baafa521c4bd9fa2a
spotify:track:2lwwrWVKdf3LR9lbbhnr6R,44c2f542f7c645febc86317b55d78c22,2026-05-14T22:47:59Z,1,Its a good song well known but don't picture it being someone's life more surrealism ,580e194f77f74c6baafa521c4bd9fa2a
spotify:track:57bgtoPSgt236HzfBOd8kj,44c2f542f7c645febc86317b55d78c22,2026-05-14T22:47:59Z,0,I like ac dc but this one is overplayed and corny,580e194f77f74c6baafa521c4bd9fa2a
spotify:track:5NRtdsFFlmyE8qDMgS08PE,44c2f542f7c645febc86317b55d78c22,2026-05-14T22:47:59Z,0,Meh,580e194f77f74c6baafa521c4bd9fa2a
spotify:track:60a0Rd6pjrkxjPbaKzXjfq,44c2f542f7c645febc86317b55d78c22,2026-05-14T22:47:59Z,1,Good song obviously well known deserves atleast 1 point,580e194f77f74c6baafa521c4bd9fa2a
spotify:track:7gDVjl5fEw2OPAtjbW4LzR,44c2f542f7c645febc86317b55d78c22,2026-05-14T22:47:59Z,1,I like perfect xircle they just really suck live never see them live ,580e194f77f74c6baafa521c4bd9fa2a
spotify:track:7wCmS9TTVUcIhRalDYFgPy,44c2f542f7c645febc86317b55d78c22,2026-05-14T22:47:59Z,1,Well known decent song deserves a point.,580e194f77f74c6baafa521c4bd9fa2a
spotify:track:7gDVjl5fEw2OPAtjbW4LzR,e9ab942d00e14f5ba05b39991eb26919,2026-05-15T13:40:36Z,1,,580e194f77f74c6baafa521c4bd9fa2a
spotify:track:1musbempyJAw5gfSKZHXP9,e9ab942d00e14f5ba05b39991eb26919,2026-05-15T13:40:36Z,1,,580e194f77f74c6baafa521c4bd9fa2a
spotify:track:0JvDcQ2LAzuhV1HujQrAHR,e9ab942d00e14f5ba05b39991eb26919,2026-05-15T13:40:36Z,2,,580e194f77f74c6baafa521c4bd9fa2a
spotify:track:1J2mrnPqc43BzJEFhq3Tk2,e9ab942d00e14f5ba05b39991eb26919,2026-05-15T13:40:36Z,2,,580e194f77f74c6baafa521c4bd9fa2a
spotify:track:5NRtdsFFlmyE8qDMgS08PE,c1464401e87d41beaf84bf2bf8164ce9,2026-05-15T13:52:15Z,1,,580e194f77f74c6baafa521c4bd9fa2a
spotify:track:0JvDcQ2LAzuhV1HujQrAHR,c1464401e87d41beaf84bf2bf8164ce9,2026-05-15T13:52:15Z,2,,580e194f77f74c6baafa521c4bd9fa2a
spotify:track:1J2mrnPqc43BzJEFhq3Tk2,c1464401e87d41beaf84bf2bf8164ce9,2026-05-15T13:52:15Z,1,,580e194f77f74c6baafa521c4bd9fa2a
spotify:track:7gDVjl5fEw2OPAtjbW4LzR,c1464401e87d41beaf84bf2bf8164ce9,2026-05-15T13:52:15Z,2,,580e194f77f74c6baafa521c4bd9fa2a
spotify:track:2kRFrWaLWiKq48YYVdGcm8,ab24c78104ff4746a452998ff54bc542,2026-05-15T14:17:34Z,2,,580e194f77f74c6baafa521c4bd9fa2a
spotify:track:7wCmS9TTVUcIhRalDYFgPy,ab24c78104ff4746a452998ff54bc542,2026-05-15T14:17:34Z,1,,580e194f77f74c6baafa521c4bd9fa2a
spotify:track:57bgtoPSgt236HzfBOd8kj,ab24c78104ff4746a452998ff54bc542,2026-05-15T14:17:34Z,3,,580e194f77f74c6baafa521c4bd9fa2a
spotify:track:7wCmS9TTVUcIhRalDYFgPy,81ea7661d45940668478c76e755fd74f,2026-05-15T15:15:16Z,2,,580e194f77f74c6baafa521c4bd9fa2a
spotify:track:2lwwrWVKdf3LR9lbbhnr6R,81ea7661d45940668478c76e755fd74f,2026-05-15T15:15:16Z,3,,580e194f77f74c6baafa521c4bd9fa2a
spotify:track:60a0Rd6pjrkxjPbaKzXjfq,81ea7661d45940668478c76e755fd74f,2026-05-15T15:15:16Z,1,,580e194f77f74c6baafa521c4bd9fa2a
spotify:track:1gIci1Gg8qoUW2y3jHBGt3,22a1c916cc834599a4699720b989b328,2026-05-15T15:50:03Z,1,,580e194f77f74c6baafa521c4bd9fa2a
spotify:track:1J2mrnPqc43BzJEFhq3Tk2,22a1c916cc834599a4699720b989b328,2026-05-15T15:50:03Z,1,,580e194f77f74c6baafa521c4bd9fa2a
spotify:track:1musbempyJAw5gfSKZHXP9,22a1c916cc834599a4699720b989b328,2026-05-15T15:50:03Z,1,,580e194f77f74c6baafa521c4bd9fa2a
spotify:track:57bgtoPSgt236HzfBOd8kj,22a1c916cc834599a4699720b989b328,2026-05-15T15:50:03Z,1,,580e194f77f74c6baafa521c4bd9fa2a
spotify:track:5NRtdsFFlmyE8qDMgS08PE,22a1c916cc834599a4699720b989b328,2026-05-15T15:50:03Z,1,,580e194f77f74c6baafa521c4bd9fa2a
spotify:track:7wCmS9TTVUcIhRalDYFgPy,22a1c916cc834599a4699720b989b328,2026-05-15T15:50:03Z,1,,580e194f77f74c6baafa521c4bd9fa2a
spotify:track:5NRtdsFFlmyE8qDMgS08PE,f150238d20e64ce881808ef1e9bcd177,2026-05-15T17:19:57Z,0,⌚️👀,580e194f77f74c6baafa521c4bd9fa2a
spotify:track:01KbmYplISaN9umMewD4W8,f150238d20e64ce881808ef1e9bcd177,2026-05-15T17:19:57Z,2,That's a bop,580e194f77f74c6baafa521c4bd9fa2a
spotify:track:0JvDcQ2LAzuhV1HujQrAHR,f150238d20e64ce881808ef1e9bcd177,2026-05-15T17:19:57Z,3,Dig it,580e194f77f74c6baafa521c4bd9fa2a
spotify:track:1J2mrnPqc43BzJEFhq3Tk2,f150238d20e64ce881808ef1e9bcd177,2026-05-15T17:19:57Z,1,,580e194f77f74c6baafa521c4bd9fa2a
spotify:track:1musbempyJAw5gfSKZHXP9,f150238d20e64ce881808ef1e9bcd177,2026-05-15T17:19:57Z,0,😰😅😰,580e194f77f74c6baafa521c4bd9fa2a
spotify:track:2lwwrWVKdf3LR9lbbhnr6R,f150238d20e64ce881808ef1e9bcd177,2026-05-15T17:19:57Z,0,Great pick,580e194f77f74c6baafa521c4bd9fa2a
spotify:track:57bgtoPSgt236HzfBOd8kj,f150238d20e64ce881808ef1e9bcd177,2026-05-15T17:19:57Z,0,Bold. Iconic. Not depressed. It would be 🥇 but I'm giving my points to new (to me) stuff.,580e194f77f74c6baafa521c4bd9fa2a
spotify:track:60a0Rd6pjrkxjPbaKzXjfq,f150238d20e64ce881808ef1e9bcd177,2026-05-15T17:19:57Z,0,🤘😭,580e194f77f74c6baafa521c4bd9fa2a
spotify:track:7gDVjl5fEw2OPAtjbW4LzR,f150238d20e64ce881808ef1e9bcd177,2026-05-15T17:19:57Z,0,Love me some Tool.,580e194f77f74c6baafa521c4bd9fa2a
spotify:track:0JvDcQ2LAzuhV1HujQrAHR,3be2dd99cad04ada900fa6031f79fd34,2026-05-15T18:43:02Z,1,,580e194f77f74c6baafa521c4bd9fa2a
spotify:track:1J2mrnPqc43BzJEFhq3Tk2,3be2dd99cad04ada900fa6031f79fd34,2026-05-15T18:43:02Z,1,,580e194f77f74c6baafa521c4bd9fa2a
spotify:track:1musbempyJAw5gfSKZHXP9,3be2dd99cad04ada900fa6031f79fd34,2026-05-15T18:43:02Z,1,,580e194f77f74c6baafa521c4bd9fa2a
spotify:track:2kRFrWaLWiKq48YYVdGcm8,3be2dd99cad04ada900fa6031f79fd34,2026-05-15T18:43:02Z,1,,580e194f77f74c6baafa521c4bd9fa2a
spotify:track:2lwwrWVKdf3LR9lbbhnr6R,3be2dd99cad04ada900fa6031f79fd34,2026-05-15T18:43:02Z,1,,580e194f77f74c6baafa521c4bd9fa2a
spotify:track:60a0Rd6pjrkxjPbaKzXjfq,3be2dd99cad04ada900fa6031f79fd34,2026-05-15T18:43:02Z,1,,580e194f77f74c6baafa521c4bd9fa2a
spotify:track:0JvDcQ2LAzuhV1HujQrAHR,bf719d27a6cb439ca8b18ff0ed0d13be,2026-05-15T19:17:37Z,2,Can really see this as an opening ,580e194f77f74c6baafa521c4bd9fa2a
spotify:track:18fV2NKEnxDAlXSo4Csv6A,bf719d27a6cb439ca8b18ff0ed0d13be,2026-05-15T19:17:37Z,0,"Maybe im old and dont like loud music anymore, but i need some singing with my screaming. No thanks. Liked it until the vocals started.",580e194f77f74c6baafa521c4bd9fa2a
spotify:track:2kRFrWaLWiKq48YYVdGcm8,bf719d27a6cb439ca8b18ff0ed0d13be,2026-05-15T19:17:37Z,1,This feels like a mr robot type show opening. ,580e194f77f74c6baafa521c4bd9fa2a
spotify:track:57bgtoPSgt236HzfBOd8kj,bf719d27a6cb439ca8b18ff0ed0d13be,2026-05-15T19:17:37Z,1,"Okay, the description made this one for me. Lol. ",580e194f77f74c6baafa521c4bd9fa2a
spotify:track:60a0Rd6pjrkxjPbaKzXjfq,bf719d27a6cb439ca8b18ff0ed0d13be,2026-05-15T19:17:37Z,0,"Okay, is it just me or does music league pick this song a lot? Might be bc its shown up in my other league, too. 
Also, you good, bro? Got nihilism? ",580e194f77f74c6baafa521c4bd9fa2a
spotify:track:7gDVjl5fEw2OPAtjbW4LzR,bf719d27a6cb439ca8b18ff0ed0d13be,2026-05-15T19:17:37Z,1,"Um, yes. I went through a phase of listening to the underworld soundtrack on repeat. That soundtrack inspired me to buy a perfect circle album. My parents were likely thrilled to hear me blast this. ",580e194f77f74c6baafa521c4bd9fa2a
spotify:track:7wCmS9TTVUcIhRalDYFgPy,bf719d27a6cb439ca8b18ff0ed0d13be,2026-05-15T19:17:37Z,1,Classic ,580e194f77f74c6baafa521c4bd9fa2a
spotify:track:0M7mWKqwTIaVjYyxfZmtTa,44c2f542f7c645febc86317b55d78c22,2026-05-18T18:35:24Z,2,,dbeb93f425f14b2ba64b022a40bac943
spotify:track:1BrgjqSg9du0lj3TUMLluL,44c2f542f7c645febc86317b55d78c22,2026-05-18T18:35:24Z,1,,dbeb93f425f14b2ba64b022a40bac943
spotify:track:4BP3uh0hFLFRb5cjsgLqDh,44c2f542f7c645febc86317b55d78c22,2026-05-18T18:35:24Z,1,,dbeb93f425f14b2ba64b022a40bac943
spotify:track:00hVU6kDP67JHurfwG2dtq,44c2f542f7c645febc86317b55d78c22,2026-05-18T18:35:24Z,1,,dbeb93f425f14b2ba64b022a40bac943
spotify:track:5BSDGpy6OJeyDFhZ8RC7CY,44c2f542f7c645febc86317b55d78c22,2026-05-18T18:35:24Z,1,,dbeb93f425f14b2ba64b022a40bac943
spotify:track:1BrgjqSg9du0lj3TUMLluL,d9df39ebaa4148dcad17d8311666f155,2026-05-19T00:08:32Z,1,,dbeb93f425f14b2ba64b022a40bac943
spotify:track:2aoo2jlRnM3A0NyLQqMN2f,d9df39ebaa4148dcad17d8311666f155,2026-05-19T00:08:32Z,1,,dbeb93f425f14b2ba64b022a40bac943
spotify:track:2j8MsmmNqmc6UBEA54KOlY,d9df39ebaa4148dcad17d8311666f155,2026-05-19T00:08:32Z,1,,dbeb93f425f14b2ba64b022a40bac943
spotify:track:2Ypd2QVly4J7OKpUJVAYPL,d9df39ebaa4148dcad17d8311666f155,2026-05-19T00:08:32Z,1,,dbeb93f425f14b2ba64b022a40bac943
spotify:track:5Ih9gbqyxCzTJ43nuSuKnC,d9df39ebaa4148dcad17d8311666f155,2026-05-19T00:08:32Z,1,,dbeb93f425f14b2ba64b022a40bac943
spotify:track:5V0UaxEtUeecWjEcK7jWj3,d9df39ebaa4148dcad17d8311666f155,2026-05-19T00:08:32Z,1,,dbeb93f425f14b2ba64b022a40bac943
spotify:track:00hVU6kDP67JHurfwG2dtq,22a1c916cc834599a4699720b989b328,2026-05-19T11:19:04Z,1,,dbeb93f425f14b2ba64b022a40bac943
spotify:track:1KdyFkeSe58qEOejV5ksqi,22a1c916cc834599a4699720b989b328,2026-05-19T11:19:04Z,1,,dbeb93f425f14b2ba64b022a40bac943
spotify:track:2aoo2jlRnM3A0NyLQqMN2f,22a1c916cc834599a4699720b989b328,2026-05-19T11:19:04Z,1,,dbeb93f425f14b2ba64b022a40bac943
spotify:track:4BP3uh0hFLFRb5cjsgLqDh,22a1c916cc834599a4699720b989b328,2026-05-19T11:19:04Z,2,,dbeb93f425f14b2ba64b022a40bac943
spotify:track:4P5KoWXOxwuobLmHXLMobV,22a1c916cc834599a4699720b989b328,2026-05-19T11:19:04Z,1,,dbeb93f425f14b2ba64b022a40bac943
spotify:track:1BrgjqSg9du0lj3TUMLluL,4ad89e5b9e954a30b70342f39fb86a85,2026-05-19T13:47:14Z,1,,dbeb93f425f14b2ba64b022a40bac943
spotify:track:2aoo2jlRnM3A0NyLQqMN2f,4ad89e5b9e954a30b70342f39fb86a85,2026-05-19T13:47:14Z,1,,dbeb93f425f14b2ba64b022a40bac943
spotify:track:2j8MsmmNqmc6UBEA54KOlY,4ad89e5b9e954a30b70342f39fb86a85,2026-05-19T13:47:14Z,1,,dbeb93f425f14b2ba64b022a40bac943
spotify:track:5BSDGpy6OJeyDFhZ8RC7CY,4ad89e5b9e954a30b70342f39fb86a85,2026-05-19T13:47:14Z,1,,dbeb93f425f14b2ba64b022a40bac943
spotify:track:5V0UaxEtUeecWjEcK7jWj3,4ad89e5b9e954a30b70342f39fb86a85,2026-05-19T13:47:14Z,2,,dbeb93f425f14b2ba64b022a40bac943
spotify:track:0M7mWKqwTIaVjYyxfZmtTa,ab24c78104ff4746a452998ff54bc542,2026-05-19T14:10:04Z,3,,dbeb93f425f14b2ba64b022a40bac943
spotify:track:2Ypd2QVly4J7OKpUJVAYPL,ab24c78104ff4746a452998ff54bc542,2026-05-19T14:10:04Z,0,I don't understand. ,dbeb93f425f14b2ba64b022a40bac943
spotify:track:5Ih9gbqyxCzTJ43nuSuKnC,ab24c78104ff4746a452998ff54bc542,2026-05-19T14:10:04Z,1,,dbeb93f425f14b2ba64b022a40bac943
spotify:track:5JKQMoGmXwDHCodn5pFVHB,ab24c78104ff4746a452998ff54bc542,2026-05-19T14:10:04Z,2,,dbeb93f425f14b2ba64b022a40bac943
spotify:track:0M7mWKqwTIaVjYyxfZmtTa,376289a642444f0997c9e5c0d9051d0f,2026-05-19T20:48:36Z,3,,dbeb93f425f14b2ba64b022a40bac943
spotify:track:4BP3uh0hFLFRb5cjsgLqDh,376289a642444f0997c9e5c0d9051d0f,2026-05-19T20:48:36Z,0,GOOOOODDDD MORNING VIETNAM!!!,dbeb93f425f14b2ba64b022a40bac943
spotify:track:5JKQMoGmXwDHCodn5pFVHB,376289a642444f0997c9e5c0d9051d0f,2026-05-19T20:48:36Z,2,,dbeb93f425f14b2ba64b022a40bac943
spotify:track:5V0UaxEtUeecWjEcK7jWj3,376289a642444f0997c9e5c0d9051d0f,2026-05-19T20:48:36Z,1,,dbeb93f425f14b2ba64b022a40bac943
spotify:track:4BP3uh0hFLFRb5cjsgLqDh,8fc1dc71014e405da1c76d2fc096a6d6,2026-05-21T19:35:22Z,1,,dbeb93f425f14b2ba64b022a40bac943
spotify:track:00hVU6kDP67JHurfwG2dtq,8fc1dc71014e405da1c76d2fc096a6d6,2026-05-21T19:35:22Z,1,,dbeb93f425f14b2ba64b022a40bac943
spotify:track:1qUvobcy39y7vFskw2ZHAx,8fc1dc71014e405da1c76d2fc096a6d6,2026-05-21T19:35:22Z,1,,dbeb93f425f14b2ba64b022a40bac943
spotify:track:2aoo2jlRnM3A0NyLQqMN2f,8fc1dc71014e405da1c76d2fc096a6d6,2026-05-21T19:35:22Z,1,,dbeb93f425f14b2ba64b022a40bac943
spotify:track:5BSDGpy6OJeyDFhZ8RC7CY,8fc1dc71014e405da1c76d2fc096a6d6,2026-05-21T19:35:22Z,1,,dbeb93f425f14b2ba64b022a40bac943
spotify:track:5JKQMoGmXwDHCodn5pFVHB,8fc1dc71014e405da1c76d2fc096a6d6,2026-05-21T19:35:22Z,1,,dbeb93f425f14b2ba64b022a40bac943
spotify:track:2aoo2jlRnM3A0NyLQqMN2f,c1464401e87d41beaf84bf2bf8164ce9,2026-05-21T21:27:49Z,1,,dbeb93f425f14b2ba64b022a40bac943
spotify:track:1KdyFkeSe58qEOejV5ksqi,c1464401e87d41beaf84bf2bf8164ce9,2026-05-21T21:27:49Z,1,,dbeb93f425f14b2ba64b022a40bac943
spotify:track:2MLHyLy5z5l5YRp7momlgw,c1464401e87d41beaf84bf2bf8164ce9,2026-05-21T21:27:49Z,1,,dbeb93f425f14b2ba64b022a40bac943
spotify:track:4P5KoWXOxwuobLmHXLMobV,c1464401e87d41beaf84bf2bf8164ce9,2026-05-21T21:27:49Z,2,,dbeb93f425f14b2ba64b022a40bac943
spotify:track:5Ih9gbqyxCzTJ43nuSuKnC,c1464401e87d41beaf84bf2bf8164ce9,2026-05-21T21:27:49Z,1,,dbeb93f425f14b2ba64b022a40bac943
spotify:track:0M7mWKqwTIaVjYyxfZmtTa,81ea7661d45940668478c76e755fd74f,2026-05-22T11:14:20Z,1,,dbeb93f425f14b2ba64b022a40bac943
spotify:track:2MLHyLy5z5l5YRp7momlgw,81ea7661d45940668478c76e755fd74f,2026-05-22T11:14:20Z,2,,dbeb93f425f14b2ba64b022a40bac943
spotify:track:4BP3uh0hFLFRb5cjsgLqDh,81ea7661d45940668478c76e755fd74f,2026-05-22T11:14:20Z,3,,dbeb93f425f14b2ba64b022a40bac943
spotify:track:00hVU6kDP67JHurfwG2dtq,2e30f2794fbd48b09ff2e9d38ecc851d,2026-05-22T13:04:14Z,1,,dbeb93f425f14b2ba64b022a40bac943
spotify:track:0M7mWKqwTIaVjYyxfZmtTa,2e30f2794fbd48b09ff2e9d38ecc851d,2026-05-22T13:04:14Z,1,,dbeb93f425f14b2ba64b022a40bac943
spotify:track:2Ypd2QVly4J7OKpUJVAYPL,2e30f2794fbd48b09ff2e9d38ecc851d,2026-05-22T13:04:14Z,1,,dbeb93f425f14b2ba64b022a40bac943
spotify:track:4BP3uh0hFLFRb5cjsgLqDh,2e30f2794fbd48b09ff2e9d38ecc851d,2026-05-22T13:04:14Z,1,You. Took. My. Song. ,dbeb93f425f14b2ba64b022a40bac943
spotify:track:4P5KoWXOxwuobLmHXLMobV,2e30f2794fbd48b09ff2e9d38ecc851d,2026-05-22T13:04:14Z,1,,dbeb93f425f14b2ba64b022a40bac943
spotify:track:5BSDGpy6OJeyDFhZ8RC7CY,2e30f2794fbd48b09ff2e9d38ecc851d,2026-05-22T13:04:14Z,1,,dbeb93f425f14b2ba64b022a40bac943
spotify:track:2aoo2jlRnM3A0NyLQqMN2f,e9ab942d00e14f5ba05b39991eb26919,2026-05-22T13:45:42Z,2,,dbeb93f425f14b2ba64b022a40bac943
spotify:track:1BrgjqSg9du0lj3TUMLluL,e9ab942d00e14f5ba05b39991eb26919,2026-05-22T13:45:42Z,1,,dbeb93f425f14b2ba64b022a40bac943
spotify:track:2Ypd2QVly4J7OKpUJVAYPL,e9ab942d00e14f5ba05b39991eb26919,2026-05-22T13:45:42Z,1,Ohhh what a night that was,dbeb93f425f14b2ba64b022a40bac943
spotify:track:5V0UaxEtUeecWjEcK7jWj3,e9ab942d00e14f5ba05b39991eb26919,2026-05-22T13:45:42Z,2,,dbeb93f425f14b2ba64b022a40bac943
spotify:track:00hVU6kDP67JHurfwG2dtq,4bef5cf5b9314383b6c61a18935d5f4d,2026-05-22T14:04:17Z,1,,dbeb93f425f14b2ba64b022a40bac943
spotify:track:1KdyFkeSe58qEOejV5ksqi,4bef5cf5b9314383b6c61a18935d5f4d,2026-05-22T14:04:17Z,3,,dbeb93f425f14b2ba64b022a40bac943
spotify:track:4BP3uh0hFLFRb5cjsgLqDh,4bef5cf5b9314383b6c61a18935d5f4d,2026-05-22T14:04:17Z,2,,dbeb93f425f14b2ba64b022a40bac943
spotify:track:5BSDGpy6OJeyDFhZ8RC7CY,bf719d27a6cb439ca8b18ff0ed0d13be,2026-05-22T19:37:18Z,2,,dbeb93f425f14b2ba64b022a40bac943
spotify:track:00hVU6kDP67JHurfwG2dtq,bf719d27a6cb439ca8b18ff0ed0d13be,2026-05-22T19:37:18Z,3,,dbeb93f425f14b2ba64b022a40bac943
spotify:track:4BP3uh0hFLFRb5cjsgLqDh,bf719d27a6cb439ca8b18ff0ed0d13be,2026-05-22T19:37:18Z,1,,dbeb93f425f14b2ba64b022a40bac943
spotify:track:2Ypd2QVly4J7OKpUJVAYPL,f150238d20e64ce881808ef1e9bcd177,2026-05-22T19:51:56Z,0,I don't see how this pertains to the prompt but it's my fav here so honorable mention,dbeb93f425f14b2ba64b022a40bac943
spotify:track:5Ih9gbqyxCzTJ43nuSuKnC,f150238d20e64ce881808ef1e9bcd177,2026-05-22T19:51:56Z,0,idk,dbeb93f425f14b2ba64b022a40bac943
spotify:track:5JKQMoGmXwDHCodn5pFVHB,f150238d20e64ce881808ef1e9bcd177,2026-05-22T19:51:56Z,3,,dbeb93f425f14b2ba64b022a40bac943
spotify:track:00hVU6kDP67JHurfwG2dtq,f150238d20e64ce881808ef1e9bcd177,2026-05-22T19:51:56Z,1,,dbeb93f425f14b2ba64b022a40bac943
spotify:track:0M7mWKqwTIaVjYyxfZmtTa,f150238d20e64ce881808ef1e9bcd177,2026-05-22T19:51:56Z,0,this is pretty good I just wish we were still fighting Nazis these days,dbeb93f425f14b2ba64b022a40bac943
spotify:track:1qUvobcy39y7vFskw2ZHAx,f150238d20e64ce881808ef1e9bcd177,2026-05-22T19:51:56Z,2,,dbeb93f425f14b2ba64b022a40bac943
spotify:track:0L6kmDJVeToMyh8mKWjMeY,44c2f542f7c645febc86317b55d78c22,2026-05-26T05:45:13Z,3,,d97e49cee1ed4dc486d8119a5b0b0518
spotify:track:1ng36571Iyov4HBxUClySn,44c2f542f7c645febc86317b55d78c22,2026-05-26T05:45:13Z,2,,d97e49cee1ed4dc486d8119a5b0b0518
spotify:track:0U87auHx1iZTEFcq9KVdmO,44c2f542f7c645febc86317b55d78c22,2026-05-26T05:45:13Z,1,,d97e49cee1ed4dc486d8119a5b0b0518
spotify:track:4EXFMcskUoIg3mwfSCanH0,4ad89e5b9e954a30b70342f39fb86a85,2026-05-26T13:50:12Z,2,,d97e49cee1ed4dc486d8119a5b0b0518
spotify:track:1ng36571Iyov4HBxUClySn,4ad89e5b9e954a30b70342f39fb86a85,2026-05-26T13:50:12Z,1,with a name like butthole surfers how could i not give it a point,d97e49cee1ed4dc486d8119a5b0b0518
spotify:track:0wvIGFIgbyz4JNwQhZgTv2,4ad89e5b9e954a30b70342f39fb86a85,2026-05-26T13:50:12Z,0,"my old teacher owned the farm that this video was filmed on - he knew ""the rooster""",d97e49cee1ed4dc486d8119a5b0b0518
spotify:track:5gYbg3Tj7FwPGTljJ6oWEb,4ad89e5b9e954a30b70342f39fb86a85,2026-05-26T13:50:12Z,3,,d97e49cee1ed4dc486d8119a5b0b0518
spotify:track:3ZOEytgrvLwQaqXreDs2Jx,376289a642444f0997c9e5c0d9051d0f,2026-05-26T14:30:20Z,1,,d97e49cee1ed4dc486d8119a5b0b0518
spotify:track:2CPlXiQmnvuinubDFgAeTU,376289a642444f0997c9e5c0d9051d0f,2026-05-26T14:30:20Z,2,,d97e49cee1ed4dc486d8119a5b0b0518
spotify:track:09oOhscdjOI4JzxgP9t0x3,376289a642444f0997c9e5c0d9051d0f,2026-05-26T14:30:20Z,1,,d97e49cee1ed4dc486d8119a5b0b0518
spotify:track:7yoBjKO6cCnK3zV8gr1k4e,376289a642444f0997c9e5c0d9051d0f,2026-05-26T14:30:20Z,2,,d97e49cee1ed4dc486d8119a5b0b0518
spotify:track:79IgD1wf3xltQdDK3l5Why,8fc1dc71014e405da1c76d2fc096a6d6,2026-05-26T18:35:08Z,1,"Great track, take a point",d97e49cee1ed4dc486d8119a5b0b0518
spotify:track:3XRknZ0U5NKW8r5g44ptA6,8fc1dc71014e405da1c76d2fc096a6d6,2026-05-26T18:35:08Z,3,"Wife is taking me to go see them this summer, now I’m pumped and hope they play this track",d97e49cee1ed4dc486d8119a5b0b0518
spotify:track:0L6kmDJVeToMyh8mKWjMeY,8fc1dc71014e405da1c76d2fc096a6d6,2026-05-26T18:35:08Z,0,"This was my 4th place, great track",d97e49cee1ed4dc486d8119a5b0b0518
spotify:track:4EXFMcskUoIg3mwfSCanH0,8fc1dc71014e405da1c76d2fc096a6d6,2026-05-26T18:35:08Z,2,"Yeah totally new to me, sick track, will be exploring this band more",d97e49cee1ed4dc486d8119a5b0b0518
spotify:track:3ZOEytgrvLwQaqXreDs2Jx,e9ab942d00e14f5ba05b39991eb26919,2026-05-28T19:31:25Z,1,,d97e49cee1ed4dc486d8119a5b0b0518
spotify:track:1ng36571Iyov4HBxUClySn,e9ab942d00e14f5ba05b39991eb26919,2026-05-28T19:31:25Z,1,,d97e49cee1ed4dc486d8119a5b0b0518
spotify:track:09oOhscdjOI4JzxgP9t0x3,e9ab942d00e14f5ba05b39991eb26919,2026-05-28T19:31:25Z,1,+1 for muse. Seeing them live was a bucket lister for me. Julie bought us tickets and it was top 3 show of my life. Have a blast!!,d97e49cee1ed4dc486d8119a5b0b0518
spotify:track:7yoBjKO6cCnK3zV8gr1k4e,e9ab942d00e14f5ba05b39991eb26919,2026-05-28T19:31:25Z,1,,d97e49cee1ed4dc486d8119a5b0b0518
spotify:track:3XRknZ0U5NKW8r5g44ptA6,e9ab942d00e14f5ba05b39991eb26919,2026-05-28T19:31:25Z,2,,d97e49cee1ed4dc486d8119a5b0b0518
spotify:track:1JcGNoiwifg0MdJMVgJQYx,81ea7661d45940668478c76e755fd74f,2026-05-28T20:11:33Z,2,,d97e49cee1ed4dc486d8119a5b0b0518
spotify:track:0wvIGFIgbyz4JNwQhZgTv2,81ea7661d45940668478c76e755fd74f,2026-05-28T20:11:33Z,1,,d97e49cee1ed4dc486d8119a5b0b0518
spotify:track:1ng36571Iyov4HBxUClySn,81ea7661d45940668478c76e755fd74f,2026-05-28T20:11:33Z,3,,d97e49cee1ed4dc486d8119a5b0b0518
spotify:track:1JcGNoiwifg0MdJMVgJQYx,d9df39ebaa4148dcad17d8311666f155,2026-05-28T20:12:59Z,1,,d97e49cee1ed4dc486d8119a5b0b0518
spotify:track:1ng36571Iyov4HBxUClySn,d9df39ebaa4148dcad17d8311666f155,2026-05-28T20:12:59Z,2,,d97e49cee1ed4dc486d8119a5b0b0518
spotify:track:79IgD1wf3xltQdDK3l5Why,d9df39ebaa4148dcad17d8311666f155,2026-05-28T20:12:59Z,1,,d97e49cee1ed4dc486d8119a5b0b0518
spotify:track:0U87auHx1iZTEFcq9KVdmO,d9df39ebaa4148dcad17d8311666f155,2026-05-28T20:12:59Z,1,,d97e49cee1ed4dc486d8119a5b0b0518
spotify:track:0wvIGFIgbyz4JNwQhZgTv2,d9df39ebaa4148dcad17d8311666f155,2026-05-28T20:12:59Z,1,,d97e49cee1ed4dc486d8119a5b0b0518
spotify:track:2CPlXiQmnvuinubDFgAeTU,c1464401e87d41beaf84bf2bf8164ce9,2026-05-29T14:18:26Z,2,,d97e49cee1ed4dc486d8119a5b0b0518
spotify:track:1JcGNoiwifg0MdJMVgJQYx,c1464401e87d41beaf84bf2bf8164ce9,2026-05-29T14:18:26Z,2,,d97e49cee1ed4dc486d8119a5b0b0518
spotify:track:3dYi32XQ9mVplNKDcWp59K,c1464401e87d41beaf84bf2bf8164ce9,2026-05-29T14:18:26Z,2,,d97e49cee1ed4dc486d8119a5b0b0518
spotify:track:09oOhscdjOI4JzxgP9t0x3,2e30f2794fbd48b09ff2e9d38ecc851d,2026-05-29T14:49:02Z,1,,d97e49cee1ed4dc486d8119a5b0b0518
spotify:track:3ZOEytgrvLwQaqXreDs2Jx,2e30f2794fbd48b09ff2e9d38ecc851d,2026-05-29T14:49:02Z,1,,d97e49cee1ed4dc486d8119a5b0b0518
spotify:track:2CPlXiQmnvuinubDFgAeTU,2e30f2794fbd48b09ff2e9d38ecc851d,2026-05-29T14:49:02Z,1,,d97e49cee1ed4dc486d8119a5b0b0518
spotify:track:1JcGNoiwifg0MdJMVgJQYx,2e30f2794fbd48b09ff2e9d38ecc851d,2026-05-29T14:49:02Z,1,,d97e49cee1ed4dc486d8119a5b0b0518
spotify:track:0wvIGFIgbyz4JNwQhZgTv2,2e30f2794fbd48b09ff2e9d38ecc851d,2026-05-29T14:49:02Z,1,,d97e49cee1ed4dc486d8119a5b0b0518
spotify:track:0U87auHx1iZTEFcq9KVdmO,2e30f2794fbd48b09ff2e9d38ecc851d,2026-05-29T14:49:02Z,1,,d97e49cee1ed4dc486d8119a5b0b0518
spotify:track:3XRknZ0U5NKW8r5g44ptA6,f150238d20e64ce881808ef1e9bcd177,2026-05-29T15:01:21Z,3,,d97e49cee1ed4dc486d8119a5b0b0518
spotify:track:7yoBjKO6cCnK3zV8gr1k4e,f150238d20e64ce881808ef1e9bcd177,2026-05-29T15:01:21Z,2,,d97e49cee1ed4dc486d8119a5b0b0518
spotify:track:5gYbg3Tj7FwPGTljJ6oWEb,f150238d20e64ce881808ef1e9bcd177,2026-05-29T15:01:21Z,1,,d97e49cee1ed4dc486d8119a5b0b0518
spotify:track:3ZOEytgrvLwQaqXreDs2Jx,ab24c78104ff4746a452998ff54bc542,2026-05-29T15:14:55Z,3,,d97e49cee1ed4dc486d8119a5b0b0518
spotify:track:0U87auHx1iZTEFcq9KVdmO,ab24c78104ff4746a452998ff54bc542,2026-05-29T15:14:55Z,1,,d97e49cee1ed4dc486d8119a5b0b0518
spotify:track:09oOhscdjOI4JzxgP9t0x3,ab24c78104ff4746a452998ff54bc542,2026-05-29T15:14:55Z,2,,d97e49cee1ed4dc486d8119a5b0b0518
spotify:track:2CPlXiQmnvuinubDFgAeTU,4bef5cf5b9314383b6c61a18935d5f4d,2026-05-29T15:49:08Z,3,,d97e49cee1ed4dc486d8119a5b0b0518
spotify:track:79IgD1wf3xltQdDK3l5Why,4bef5cf5b9314383b6c61a18935d5f4d,2026-05-29T15:49:08Z,2,,d97e49cee1ed4dc486d8119a5b0b0518
spotify:track:09oOhscdjOI4JzxgP9t0x3,4bef5cf5b9314383b6c61a18935d5f4d,2026-05-29T15:49:08Z,1,,d97e49cee1ed4dc486d8119a5b0b0518
spotify:track:7yoBjKO6cCnK3zV8gr1k4e,bf719d27a6cb439ca8b18ff0ed0d13be,2026-05-29T19:28:16Z,1,Best of what's new to me on here. Gonna add to my liked list ,d97e49cee1ed4dc486d8119a5b0b0518
spotify:track:0U87auHx1iZTEFcq9KVdmO,bf719d27a6cb439ca8b18ff0ed0d13be,2026-05-29T19:28:16Z,0,</3,d97e49cee1ed4dc486d8119a5b0b0518
spotify:track:0wvIGFIgbyz4JNwQhZgTv2,bf719d27a6cb439ca8b18ff0ed0d13be,2026-05-29T19:28:16Z,2,,d97e49cee1ed4dc486d8119a5b0b0518
spotify:track:3dYi32XQ9mVplNKDcWp59K,bf719d27a6cb439ca8b18ff0ed0d13be,2026-05-29T19:28:16Z,0,Pains me to not vote weezer,d97e49cee1ed4dc486d8119a5b0b0518
spotify:track:1ng36571Iyov4HBxUClySn,bf719d27a6cb439ca8b18ff0ed0d13be,2026-05-29T19:28:16Z,1,This feels most on brand somehow for category,d97e49cee1ed4dc486d8119a5b0b0518
spotify:track:1JcGNoiwifg0MdJMVgJQYx,bf719d27a6cb439ca8b18ff0ed0d13be,2026-05-29T19:28:16Z,1,"Forgot about this song. So succinct and perfect. Almost would fit 2 min and under category. This and butthole surfers are fighting for my last point...screw it, im spreading this shit out",d97e49cee1ed4dc486d8119a5b0b0518
spotify:track:3ZOEytgrvLwQaqXreDs2Jx,bf719d27a6cb439ca8b18ff0ed0d13be,2026-05-29T19:28:16Z,0,Enjoyed the reminder of how fun this song is. But I think there are stronger alt rock picks here,d97e49cee1ed4dc486d8119a5b0b0518
spotify:track:09oOhscdjOI4JzxgP9t0x3,bf719d27a6cb439ca8b18ff0ed0d13be,2026-05-29T19:28:16Z,1,I think I gotta give muse a point,d97e49cee1ed4dc486d8119a5b0b0518
spotify:track:4ycLiPVzE5KamivXrAzGFG,3be2dd99cad04ada900fa6031f79fd34,2026-06-01T19:13:19Z,1,,1a4f47470b4448d1883eccdb9a075f87
spotify:track:0P4OPRMHGNIa8TxNvdNUy5,3be2dd99cad04ada900fa6031f79fd34,2026-06-01T19:13:19Z,2,,1a4f47470b4448d1883eccdb9a075f87
spotify:track:1YLJVmuzeM2YSUkCCaTNUB,3be2dd99cad04ada900fa6031f79fd34,2026-06-01T19:13:19Z,1,,1a4f47470b4448d1883eccdb9a075f87
spotify:track:3AydAydLzyyZutA0375XIz,3be2dd99cad04ada900fa6031f79fd34,2026-06-01T19:13:19Z,1,,1a4f47470b4448d1883eccdb9a075f87
spotify:track:4madkqL1bB8rweDVBG8FvR,3be2dd99cad04ada900fa6031f79fd34,2026-06-01T19:13:19Z,1,,1a4f47470b4448d1883eccdb9a075f87
spotify:track:3AydAydLzyyZutA0375XIz,4ad89e5b9e954a30b70342f39fb86a85,2026-06-02T12:34:38Z,1,,1a4f47470b4448d1883eccdb9a075f87
spotify:track:04yjYHGB3aoyS3q7D7LiKy,4ad89e5b9e954a30b70342f39fb86a85,2026-06-02T12:34:38Z,3,,1a4f47470b4448d1883eccdb9a075f87
spotify:track:5JKnYZOhSP7rOK0jPYcCjV,4ad89e5b9e954a30b70342f39fb86a85,2026-06-02T12:34:38Z,1,,1a4f47470b4448d1883eccdb9a075f87
spotify:track:4b3FN7tBCRrkLcbN5ae4v9,4ad89e5b9e954a30b70342f39fb86a85,2026-06-02T12:34:38Z,1,,1a4f47470b4448d1883eccdb9a075f87
spotify:track:3f7OyfSoDbQC0LRDQiytPp,d9df39ebaa4148dcad17d8311666f155,2026-06-02T23:57:57Z,1,,1a4f47470b4448d1883eccdb9a075f87
spotify:track:3Oiauiojgokw9vWQvFmEoI,d9df39ebaa4148dcad17d8311666f155,2026-06-02T23:57:57Z,1,Been listening to this for years. No idea someone else even knew it! ,1a4f47470b4448d1883eccdb9a075f87
spotify:track:5XVRQZytbOKCszNGWUQKwE,d9df39ebaa4148dcad17d8311666f155,2026-06-02T23:57:57Z,1,Fresh,1a4f47470b4448d1883eccdb9a075f87
spotify:track:4b3FN7tBCRrkLcbN5ae4v9,d9df39ebaa4148dcad17d8311666f155,2026-06-02T23:57:57Z,1,,1a4f47470b4448d1883eccdb9a075f87
spotify:track:04yjYHGB3aoyS3q7D7LiKy,d9df39ebaa4148dcad17d8311666f155,2026-06-02T23:57:57Z,1,,1a4f47470b4448d1883eccdb9a075f87
spotify:track:0gRi9sge1aomdsqMdWGtXx,d9df39ebaa4148dcad17d8311666f155,2026-06-02T23:57:57Z,0,Haha the name ,1a4f47470b4448d1883eccdb9a075f87
spotify:track:1YLJVmuzeM2YSUkCCaTNUB,d9df39ebaa4148dcad17d8311666f155,2026-06-02T23:57:57Z,1,Love ,1a4f47470b4448d1883eccdb9a075f87
spotify:track:3AydAydLzyyZutA0375XIz,44c2f542f7c645febc86317b55d78c22,2026-06-03T12:28:47Z,1,,1a4f47470b4448d1883eccdb9a075f87
spotify:track:4b3FN7tBCRrkLcbN5ae4v9,44c2f542f7c645febc86317b55d78c22,2026-06-03T12:28:47Z,1,,1a4f47470b4448d1883eccdb9a075f87
spotify:track:5JKnYZOhSP7rOK0jPYcCjV,44c2f542f7c645febc86317b55d78c22,2026-06-03T12:28:47Z,1,,1a4f47470b4448d1883eccdb9a075f87
spotify:track:04yjYHGB3aoyS3q7D7LiKy,44c2f542f7c645febc86317b55d78c22,2026-06-03T12:28:47Z,3,,1a4f47470b4448d1883eccdb9a075f87
spotify:track:6GG73Jik4jUlQCkKg9JuGO,81ea7661d45940668478c76e755fd74f,2026-06-04T19:33:06Z,2,Aww. The motivational quote got me,1a4f47470b4448d1883eccdb9a075f87
spotify:track:1YLJVmuzeM2YSUkCCaTNUB,81ea7661d45940668478c76e755fd74f,2026-06-04T19:33:06Z,1,,1a4f47470b4448d1883eccdb9a075f87
spotify:track:0ERv9Zf4AJJdQ1sIztb15v,81ea7661d45940668478c76e755fd74f,2026-06-04T19:33:06Z,3,,1a4f47470b4448d1883eccdb9a075f87
spotify:track:4aM3FY3th2Qx9tuvurMN0X,8fc1dc71014e405da1c76d2fc096a6d6,2026-06-04T20:00:33Z,0,"Another great track but nothing new by any stretch, been loving the Dead Kennedys for decades.",1a4f47470b4448d1883eccdb9a075f87
spotify:track:04yjYHGB3aoyS3q7D7LiKy,8fc1dc71014e405da1c76d2fc096a6d6,2026-06-04T20:00:33Z,0,"Man this song instantly added to the liked list, but not enough points to go around",1a4f47470b4448d1883eccdb9a075f87
spotify:track:0ERv9Zf4AJJdQ1sIztb15v,8fc1dc71014e405da1c76d2fc096a6d6,2026-06-04T20:00:33Z,0,"I love The Prodigy, such 90s and 2000s vibes. Iconic but not new so no points",1a4f47470b4448d1883eccdb9a075f87
spotify:track:0P4OPRMHGNIa8TxNvdNUy5,8fc1dc71014e405da1c76d2fc096a6d6,2026-06-04T20:00:33Z,0,Added to the liked list but not my top 3,1a4f47470b4448d1883eccdb9a075f87
spotify:track:1YLJVmuzeM2YSUkCCaTNUB,8fc1dc71014e405da1c76d2fc096a6d6,2026-06-04T20:00:33Z,0,Great tune but not in my top 3,1a4f47470b4448d1883eccdb9a075f87
spotify:track:3AydAydLzyyZutA0375XIz,8fc1dc71014e405da1c76d2fc096a6d6,2026-06-04T20:00:33Z,0,Yeah love the track but nothing new to see here ,1a4f47470b4448d1883eccdb9a075f87
spotify:track:3f7OyfSoDbQC0LRDQiytPp,8fc1dc71014e405da1c76d2fc096a6d6,2026-06-04T20:00:33Z,1,Enjoy a point as I enjoyed this tune,1a4f47470b4448d1883eccdb9a075f87
spotify:track:3Oiauiojgokw9vWQvFmEoI,8fc1dc71014e405da1c76d2fc096a6d6,2026-06-04T20:00:33Z,0,"Fun but not too 3 for me, used bang Zeds Dead quite a bit back in the day",1a4f47470b4448d1883eccdb9a075f87
spotify:track:4b3FN7tBCRrkLcbN5ae4v9,8fc1dc71014e405da1c76d2fc096a6d6,2026-06-04T20:00:33Z,3,"Fire track, definitely my favorite this playlist. Your spelling fail into a poor attempt at trash talk was comical I must say. ",1a4f47470b4448d1883eccdb9a075f87
spotify:track:4madkqL1bB8rweDVBG8FvR,8fc1dc71014e405da1c76d2fc096a6d6,2026-06-04T20:00:33Z,0,"I’ve definitely danced to this song before, most likely rolled or tripped to this song in the background. Fun tune but nothing new for me",1a4f47470b4448d1883eccdb9a075f87
spotify:track:4ycLiPVzE5KamivXrAzGFG,8fc1dc71014e405da1c76d2fc096a6d6,2026-06-04T20:00:33Z,0,"Fun song but nothing new, still remember when this dropped and how it dominated the radio",1a4f47470b4448d1883eccdb9a075f87
spotify:track:5JKnYZOhSP7rOK0jPYcCjV,8fc1dc71014e405da1c76d2fc096a6d6,2026-06-04T20:00:33Z,0,"Runner up, almost got a point from me for this one",1a4f47470b4448d1883eccdb9a075f87
spotify:track:5XVRQZytbOKCszNGWUQKwE,8fc1dc71014e405da1c76d2fc096a6d6,2026-06-04T20:00:33Z,2,"Yeah good track, take some points. Not sure why I gotta catch strays, could do without that but okay, it’s not my fault I allowed people to pick themes..  😢😢😢",1a4f47470b4448d1883eccdb9a075f87
spotify:track:6GG73Jik4jUlQCkKg9JuGO,8fc1dc71014e405da1c76d2fc096a6d6,2026-06-04T20:00:33Z,0,"Love me some Jimmy Eat World, already had this track on the liked list",1a4f47470b4448d1883eccdb9a075f87
spotify:track:0gRi9sge1aomdsqMdWGtXx,ab24c78104ff4746a452998ff54bc542,2026-06-05T11:55:11Z,3,,1a4f47470b4448d1883eccdb9a075f87
spotify:track:5JKnYZOhSP7rOK0jPYcCjV,ab24c78104ff4746a452998ff54bc542,2026-06-05T11:55:11Z,1,,1a4f47470b4448d1883eccdb9a075f87
spotify:track:6GG73Jik4jUlQCkKg9JuGO,ab24c78104ff4746a452998ff54bc542,2026-06-05T11:55:11Z,2,,1a4f47470b4448d1883eccdb9a075f87
spotify:track:4ycLiPVzE5KamivXrAzGFG,376289a642444f0997c9e5c0d9051d0f,2026-06-05T12:32:26Z,1,,1a4f47470b4448d1883eccdb9a075f87
spotify:track:5XVRQZytbOKCszNGWUQKwE,376289a642444f0997c9e5c0d9051d0f,2026-06-05T12:32:26Z,1,,1a4f47470b4448d1883eccdb9a075f87
spotify:track:6GG73Jik4jUlQCkKg9JuGO,376289a642444f0997c9e5c0d9051d0f,2026-06-05T12:32:26Z,1,,1a4f47470b4448d1883eccdb9a075f87
spotify:track:0P4OPRMHGNIa8TxNvdNUy5,376289a642444f0997c9e5c0d9051d0f,2026-06-05T12:32:26Z,1,,1a4f47470b4448d1883eccdb9a075f87
spotify:track:4madkqL1bB8rweDVBG8FvR,376289a642444f0997c9e5c0d9051d0f,2026-06-05T12:32:26Z,1,,1a4f47470b4448d1883eccdb9a075f87
spotify:track:0gRi9sge1aomdsqMdWGtXx,376289a642444f0997c9e5c0d9051d0f,2026-06-05T12:32:26Z,1,,1a4f47470b4448d1883eccdb9a075f87
spotify:track:0gRi9sge1aomdsqMdWGtXx,2e30f2794fbd48b09ff2e9d38ecc851d,2026-06-05T13:42:48Z,1,,1a4f47470b4448d1883eccdb9a075f87
spotify:track:0P4OPRMHGNIa8TxNvdNUy5,2e30f2794fbd48b09ff2e9d38ecc851d,2026-06-05T13:42:48Z,1,,1a4f47470b4448d1883eccdb9a075f87
spotify:track:1YLJVmuzeM2YSUkCCaTNUB,2e30f2794fbd48b09ff2e9d38ecc851d,2026-06-05T13:42:48Z,1,,1a4f47470b4448d1883eccdb9a075f87
spotify:track:3f7OyfSoDbQC0LRDQiytPp,2e30f2794fbd48b09ff2e9d38ecc851d,2026-06-05T13:42:48Z,1,,1a4f47470b4448d1883eccdb9a075f87
spotify:track:3Oiauiojgokw9vWQvFmEoI,2e30f2794fbd48b09ff2e9d38ecc851d,2026-06-05T13:42:48Z,1,,1a4f47470b4448d1883eccdb9a075f87
spotify:track:6GG73Jik4jUlQCkKg9JuGO,2e30f2794fbd48b09ff2e9d38ecc851d,2026-06-05T13:42:48Z,1,,1a4f47470b4448d1883eccdb9a075f87
spotify:track:4ycLiPVzE5KamivXrAzGFG,c1464401e87d41beaf84bf2bf8164ce9,2026-06-05T17:05:44Z,1,,1a4f47470b4448d1883eccdb9a075f87
spotify:track:1YLJVmuzeM2YSUkCCaTNUB,c1464401e87d41beaf84bf2bf8164ce9,2026-06-05T17:05:44Z,2,,1a4f47470b4448d1883eccdb9a075f87
spotify:track:3AydAydLzyyZutA0375XIz,c1464401e87d41beaf84bf2bf8164ce9,2026-06-05T17:05:44Z,3,,1a4f47470b4448d1883eccdb9a075f87
spotify:track:0gRi9sge1aomdsqMdWGtXx,f150238d20e64ce881808ef1e9bcd177,2026-06-05T17:12:01Z,1,,1a4f47470b4448d1883eccdb9a075f87
spotify:track:0P4OPRMHGNIa8TxNvdNUy5,f150238d20e64ce881808ef1e9bcd177,2026-06-05T17:12:01Z,3,squirrel,1a4f47470b4448d1883eccdb9a075f87
spotify:track:3Oiauiojgokw9vWQvFmEoI,f150238d20e64ce881808ef1e9bcd177,2026-06-05T17:12:01Z,0,one of my favs but heard it too much before,1a4f47470b4448d1883eccdb9a075f87
spotify:track:4madkqL1bB8rweDVBG8FvR,f150238d20e64ce881808ef1e9bcd177,2026-06-05T17:12:01Z,2,,1a4f47470b4448d1883eccdb9a075f87
spotify:track:5XVRQZytbOKCszNGWUQKwE,f150238d20e64ce881808ef1e9bcd177,2026-06-05T17:12:01Z,0,"""runner"" up ha ha",1a4f47470b4448d1883eccdb9a075f87
spotify:track:0ERv9Zf4AJJdQ1sIztb15v,e9ab942d00e14f5ba05b39991eb26919,2026-06-05T18:16:55Z,3,,1a4f47470b4448d1883eccdb9a075f87
spotify:track:0gRi9sge1aomdsqMdWGtXx,e9ab942d00e14f5ba05b39991eb26919,2026-06-05T18:16:55Z,2,,1a4f47470b4448d1883eccdb9a075f87
spotify:track:6GG73Jik4jUlQCkKg9JuGO,e9ab942d00e14f5ba05b39991eb26919,2026-06-05T18:16:55Z,1,,1a4f47470b4448d1883eccdb9a075f87
spotify:track:04yjYHGB3aoyS3q7D7LiKy,4bef5cf5b9314383b6c61a18935d5f4d,2026-06-05T19:03:56Z,3,,1a4f47470b4448d1883eccdb9a075f87
spotify:track:0gRi9sge1aomdsqMdWGtXx,4bef5cf5b9314383b6c61a18935d5f4d,2026-06-05T19:03:56Z,2,,1a4f47470b4448d1883eccdb9a075f87
spotify:track:3AydAydLzyyZutA0375XIz,4bef5cf5b9314383b6c61a18935d5f4d,2026-06-05T19:03:56Z,1,,1a4f47470b4448d1883eccdb9a075f87
spotify:track:0gRi9sge1aomdsqMdWGtXx,bf719d27a6cb439ca8b18ff0ed0d13be,2026-06-05T19:52:08Z,1,,1a4f47470b4448d1883eccdb9a075f87
spotify:track:3AydAydLzyyZutA0375XIz,bf719d27a6cb439ca8b18ff0ed0d13be,2026-06-05T19:52:08Z,1,,1a4f47470b4448d1883eccdb9a075f87
spotify:track:3Oiauiojgokw9vWQvFmEoI,bf719d27a6cb439ca8b18ff0ed0d13be,2026-06-05T19:52:08Z,1,,1a4f47470b4448d1883eccdb9a075f87
spotify:track:4aM3FY3th2Qx9tuvurMN0X,bf719d27a6cb439ca8b18ff0ed0d13be,2026-06-05T19:52:08Z,1,,1a4f47470b4448d1883eccdb9a075f87
spotify:track:4ycLiPVzE5KamivXrAzGFG,bf719d27a6cb439ca8b18ff0ed0d13be,2026-06-05T19:52:08Z,1,,1a4f47470b4448d1883eccdb9a075f87
spotify:track:5JKnYZOhSP7rOK0jPYcCjV,bf719d27a6cb439ca8b18ff0ed0d13be,2026-06-05T19:52:08Z,1,,1a4f47470b4448d1883eccdb9a075f87
spotify:track:4N0tiR3wzxN9k1aKvDbhoy,4ad89e5b9e954a30b70342f39fb86a85,2026-06-10T14:52:48Z,3,,40b8afa15cda4557b7e7a8cd1d5ed7a2
spotify:track:6V0A3jkb9ntudO0kmcJ1xd,4ad89e5b9e954a30b70342f39fb86a85,2026-06-10T14:52:48Z,1,,40b8afa15cda4557b7e7a8cd1d5ed7a2
spotify:track:6VZndFzepQWTCBCJ9uNvwa,4ad89e5b9e954a30b70342f39fb86a85,2026-06-10T14:52:48Z,1,,40b8afa15cda4557b7e7a8cd1d5ed7a2
spotify:track:7m57eGe3haQgQgbsuSufwJ,4ad89e5b9e954a30b70342f39fb86a85,2026-06-10T14:52:48Z,1,,40b8afa15cda4557b7e7a8cd1d5ed7a2
spotify:track:4m0PJhDaFGQdO09UXXYLse,d9df39ebaa4148dcad17d8311666f155,2026-06-10T18:36:44Z,2,I love these guys!!! ,40b8afa15cda4557b7e7a8cd1d5ed7a2
spotify:track:4N0tiR3wzxN9k1aKvDbhoy,d9df39ebaa4148dcad17d8311666f155,2026-06-10T18:36:44Z,1,,40b8afa15cda4557b7e7a8cd1d5ed7a2
spotify:track:6VZndFzepQWTCBCJ9uNvwa,d9df39ebaa4148dcad17d8311666f155,2026-06-10T18:36:44Z,1,,40b8afa15cda4557b7e7a8cd1d5ed7a2
spotify:track:75F1PnYhdRwu83aSi4y7O1,d9df39ebaa4148dcad17d8311666f155,2026-06-10T18:36:44Z,1,,40b8afa15cda4557b7e7a8cd1d5ed7a2
spotify:track:7m57eGe3haQgQgbsuSufwJ,d9df39ebaa4148dcad17d8311666f155,2026-06-10T18:36:44Z,1,,40b8afa15cda4557b7e7a8cd1d5ed7a2
spotify:track:0bSr5pybJSlgG5OZH441gF,376289a642444f0997c9e5c0d9051d0f,2026-06-12T02:26:50Z,1,,40b8afa15cda4557b7e7a8cd1d5ed7a2
spotify:track:0eu4C55hL6x29mmeAjytzC,376289a642444f0997c9e5c0d9051d0f,2026-06-12T02:26:50Z,1,,40b8afa15cda4557b7e7a8cd1d5ed7a2
spotify:track:0gbysjaH16DW29QpUnowcx,376289a642444f0997c9e5c0d9051d0f,2026-06-12T02:26:50Z,1,,40b8afa15cda4557b7e7a8cd1d5ed7a2
spotify:track:0qAqL3nD144kp12vNHMlxB,376289a642444f0997c9e5c0d9051d0f,2026-06-12T02:26:50Z,1,,40b8afa15cda4557b7e7a8cd1d5ed7a2
spotify:track:75F1PnYhdRwu83aSi4y7O1,376289a642444f0997c9e5c0d9051d0f,2026-06-12T02:26:50Z,1,,40b8afa15cda4557b7e7a8cd1d5ed7a2
spotify:track:7m57eGe3haQgQgbsuSufwJ,376289a642444f0997c9e5c0d9051d0f,2026-06-12T02:26:50Z,1,,40b8afa15cda4557b7e7a8cd1d5ed7a2
spotify:track:4m0PJhDaFGQdO09UXXYLse,f150238d20e64ce881808ef1e9bcd177,2026-06-12T13:29:23Z,3,,40b8afa15cda4557b7e7a8cd1d5ed7a2
spotify:track:6V0A3jkb9ntudO0kmcJ1xd,f150238d20e64ce881808ef1e9bcd177,2026-06-12T13:29:23Z,2,,40b8afa15cda4557b7e7a8cd1d5ed7a2
spotify:track:7m57eGe3haQgQgbsuSufwJ,f150238d20e64ce881808ef1e9bcd177,2026-06-12T13:29:23Z,1,,40b8afa15cda4557b7e7a8cd1d5ed7a2
spotify:track:0qAqL3nD144kp12vNHMlxB,2e30f2794fbd48b09ff2e9d38ecc851d,2026-06-12T16:34:02Z,2,,40b8afa15cda4557b7e7a8cd1d5ed7a2
spotify:track:55bYWRpiHM7bcpBRqemW8m,2e30f2794fbd48b09ff2e9d38ecc851d,2026-06-12T16:34:02Z,1,,40b8afa15cda4557b7e7a8cd1d5ed7a2
spotify:track:55xZS3Zf4kjlS0KL7w3sXf,2e30f2794fbd48b09ff2e9d38ecc851d,2026-06-12T16:34:02Z,1,,40b8afa15cda4557b7e7a8cd1d5ed7a2
spotify:track:75F1PnYhdRwu83aSi4y7O1,2e30f2794fbd48b09ff2e9d38ecc851d,2026-06-12T16:34:02Z,1,,40b8afa15cda4557b7e7a8cd1d5ed7a2
spotify:track:7m57eGe3haQgQgbsuSufwJ,2e30f2794fbd48b09ff2e9d38ecc851d,2026-06-12T16:34:02Z,1,,40b8afa15cda4557b7e7a8cd1d5ed7a2
spotify:track:0eu4C55hL6x29mmeAjytzC,bf719d27a6cb439ca8b18ff0ed0d13be,2026-06-12T16:41:07Z,1,,40b8afa15cda4557b7e7a8cd1d5ed7a2
spotify:track:0qAqL3nD144kp12vNHMlxB,bf719d27a6cb439ca8b18ff0ed0d13be,2026-06-12T16:41:07Z,1,,40b8afa15cda4557b7e7a8cd1d5ed7a2
spotify:track:3UlDUxnvRv9BpcCmuqGZ7b,bf719d27a6cb439ca8b18ff0ed0d13be,2026-06-12T16:41:07Z,2,,40b8afa15cda4557b7e7a8cd1d5ed7a2
spotify:track:4m0PJhDaFGQdO09UXXYLse,bf719d27a6cb439ca8b18ff0ed0d13be,2026-06-12T16:41:07Z,2,,40b8afa15cda4557b7e7a8cd1d5ed7a2
spotify:track:0eu4C55hL6x29mmeAjytzC,e9ab942d00e14f5ba05b39991eb26919,2026-06-12T17:05:58Z,1,,40b8afa15cda4557b7e7a8cd1d5ed7a2
spotify:track:4m0PJhDaFGQdO09UXXYLse,e9ab942d00e14f5ba05b39991eb26919,2026-06-12T17:05:58Z,2,,40b8afa15cda4557b7e7a8cd1d5ed7a2
spotify:track:6V0A3jkb9ntudO0kmcJ1xd,e9ab942d00e14f5ba05b39991eb26919,2026-06-12T17:05:58Z,2,,40b8afa15cda4557b7e7a8cd1d5ed7a2
spotify:track:75F1PnYhdRwu83aSi4y7O1,e9ab942d00e14f5ba05b39991eb26919,2026-06-12T17:05:58Z,1,,40b8afa15cda4557b7e7a8cd1d5ed7a2
spotify:track:3CvSYEeg6K0y6zX8phJlEc,4bef5cf5b9314383b6c61a18935d5f4d,2026-06-12T17:20:47Z,2,,40b8afa15cda4557b7e7a8cd1d5ed7a2
spotify:track:3UlDUxnvRv9BpcCmuqGZ7b,4bef5cf5b9314383b6c61a18935d5f4d,2026-06-12T17:20:47Z,1,,40b8afa15cda4557b7e7a8cd1d5ed7a2
spotify:track:6eZKL8bbYyCBjzQYYisqFn,4bef5cf5b9314383b6c61a18935d5f4d,2026-06-12T17:20:47Z,3,,40b8afa15cda4557b7e7a8cd1d5ed7a2
spotify:track:0eu4C55hL6x29mmeAjytzC,81ea7661d45940668478c76e755fd74f,2026-06-12T17:25:50Z,2,,40b8afa15cda4557b7e7a8cd1d5ed7a2
spotify:track:3UlDUxnvRv9BpcCmuqGZ7b,81ea7661d45940668478c76e755fd74f,2026-06-12T17:25:50Z,1,,40b8afa15cda4557b7e7a8cd1d5ed7a2
spotify:track:6V0A3jkb9ntudO0kmcJ1xd,81ea7661d45940668478c76e755fd74f,2026-06-12T17:25:50Z,3,,40b8afa15cda4557b7e7a8cd1d5ed7a2
spotify:track:0qAqL3nD144kp12vNHMlxB,c1464401e87d41beaf84bf2bf8164ce9,2026-06-12T17:30:04Z,2,,40b8afa15cda4557b7e7a8cd1d5ed7a2
spotify:track:3CvSYEeg6K0y6zX8phJlEc,c1464401e87d41beaf84bf2bf8164ce9,2026-06-12T17:30:04Z,1,,40b8afa15cda4557b7e7a8cd1d5ed7a2
spotify:track:3UlDUxnvRv9BpcCmuqGZ7b,c1464401e87d41beaf84bf2bf8164ce9,2026-06-12T17:30:04Z,2,,40b8afa15cda4557b7e7a8cd1d5ed7a2
spotify:track:6V0A3jkb9ntudO0kmcJ1xd,c1464401e87d41beaf84bf2bf8164ce9,2026-06-12T17:30:04Z,1,,40b8afa15cda4557b7e7a8cd1d5ed7a2
spotify:track:0eu4C55hL6x29mmeAjytzC,8fc1dc71014e405da1c76d2fc096a6d6,2026-06-12T17:33:13Z,1,,40b8afa15cda4557b7e7a8cd1d5ed7a2
spotify:track:0qAqL3nD144kp12vNHMlxB,8fc1dc71014e405da1c76d2fc096a6d6,2026-06-12T17:33:13Z,1,,40b8afa15cda4557b7e7a8cd1d5ed7a2
spotify:track:3UlDUxnvRv9BpcCmuqGZ7b,8fc1dc71014e405da1c76d2fc096a6d6,2026-06-12T17:33:13Z,1,,40b8afa15cda4557b7e7a8cd1d5ed7a2
spotify:track:4m0PJhDaFGQdO09UXXYLse,8fc1dc71014e405da1c76d2fc096a6d6,2026-06-12T17:33:13Z,2,,40b8afa15cda4557b7e7a8cd1d5ed7a2
spotify:track:6eZKL8bbYyCBjzQYYisqFn,8fc1dc71014e405da1c76d2fc096a6d6,2026-06-12T17:33:13Z,1,,40b8afa15cda4557b7e7a8cd1d5ed7a2
spotify:track:4N0tiR3wzxN9k1aKvDbhoy,ab24c78104ff4746a452998ff54bc542,2026-06-12T17:35:14Z,2,,40b8afa15cda4557b7e7a8cd1d5ed7a2
spotify:track:6VZndFzepQWTCBCJ9uNvwa,ab24c78104ff4746a452998ff54bc542,2026-06-12T17:35:14Z,3,,40b8afa15cda4557b7e7a8cd1d5ed7a2
spotify:track:75F1PnYhdRwu83aSi4y7O1,ab24c78104ff4746a452998ff54bc542,2026-06-12T17:35:14Z,1,,40b8afa15cda4557b7e7a8cd1d5ed7a2
spotify:track:0qAqL3nD144kp12vNHMlxB,22a1c916cc834599a4699720b989b328,2026-06-12T18:54:40Z,1,,40b8afa15cda4557b7e7a8cd1d5ed7a2
spotify:track:3CvSYEeg6K0y6zX8phJlEc,22a1c916cc834599a4699720b989b328,2026-06-12T18:54:40Z,1,,40b8afa15cda4557b7e7a8cd1d5ed7a2
spotify:track:3UlDUxnvRv9BpcCmuqGZ7b,22a1c916cc834599a4699720b989b328,2026-06-12T18:54:40Z,2,,40b8afa15cda4557b7e7a8cd1d5ed7a2
spotify:track:7m57eGe3haQgQgbsuSufwJ,22a1c916cc834599a4699720b989b328,2026-06-12T18:54:40Z,2,,40b8afa15cda4557b7e7a8cd1d5ed7a2
spotify:track:3CvSYEeg6K0y6zX8phJlEc,44c2f542f7c645febc86317b55d78c22,2026-06-12T19:10:05Z,1,,40b8afa15cda4557b7e7a8cd1d5ed7a2
spotify:track:3UlDUxnvRv9BpcCmuqGZ7b,44c2f542f7c645febc86317b55d78c22,2026-06-12T19:10:05Z,1,,40b8afa15cda4557b7e7a8cd1d5ed7a2
spotify:track:4m0PJhDaFGQdO09UXXYLse,44c2f542f7c645febc86317b55d78c22,2026-06-12T19:10:05Z,1,,40b8afa15cda4557b7e7a8cd1d5ed7a2
spotify:track:55xZS3Zf4kjlS0KL7w3sXf,44c2f542f7c645febc86317b55d78c22,2026-06-12T19:10:05Z,2,,40b8afa15cda4557b7e7a8cd1d5ed7a2
spotify:track:6V0A3jkb9ntudO0kmcJ1xd,44c2f542f7c645febc86317b55d78c22,2026-06-12T19:10:05Z,1,,40b8afa15cda4557b7e7a8cd1d5ed7a2
spotify:track:1Hy3CoHThqF0NBSmkmeR21,d9df39ebaa4148dcad17d8311666f155,2026-06-15T20:25:17Z,1,Vibes ,2bf39e2a386c49d38ec18ebbca7cd969
spotify:track:0GONea6G2XdnHWjNZd6zt3,d9df39ebaa4148dcad17d8311666f155,2026-06-15T20:25:17Z,1,Classic,2bf39e2a386c49d38ec18ebbca7cd969
spotify:track:00mO8JKk2wQ7VqdPcY1r4O,d9df39ebaa4148dcad17d8311666f155,2026-06-15T20:25:17Z,1,,2bf39e2a386c49d38ec18ebbca7cd969
spotify:track:6eU68KfzVvObvgQ9Mo7ty6,d9df39ebaa4148dcad17d8311666f155,2026-06-15T20:25:17Z,1,,2bf39e2a386c49d38ec18ebbca7cd969
spotify:track:4GvqCVh8BiLyneD3KaZJAa,d9df39ebaa4148dcad17d8311666f155,2026-06-15T20:25:17Z,1,,2bf39e2a386c49d38ec18ebbca7cd969
spotify:track:3XggC7KPptteNa1bka0Z0Z,d9df39ebaa4148dcad17d8311666f155,2026-06-15T20:25:17Z,1,,2bf39e2a386c49d38ec18ebbca7cd969
spotify:track:2uzlv8PjqsVvF1DhEahyhy,44c2f542f7c645febc86317b55d78c22,2026-06-16T16:05:18Z,2,,2bf39e2a386c49d38ec18ebbca7cd969
spotify:track:0GONea6G2XdnHWjNZd6zt3,44c2f542f7c645febc86317b55d78c22,2026-06-16T16:05:18Z,1,,2bf39e2a386c49d38ec18ebbca7cd969
spotify:track:6PUIzlqotEmPuBfjbwYWOB,44c2f542f7c645febc86317b55d78c22,2026-06-16T16:05:18Z,1,,2bf39e2a386c49d38ec18ebbca7cd969
spotify:track:6eU68KfzVvObvgQ9Mo7ty6,44c2f542f7c645febc86317b55d78c22,2026-06-16T16:05:18Z,1,,2bf39e2a386c49d38ec18ebbca7cd969
spotify:track:2Za1AlJNvksouPPWbXpR2X,44c2f542f7c645febc86317b55d78c22,2026-06-16T16:05:18Z,1,,2bf39e2a386c49d38ec18ebbca7cd969
spotify:track:1Hy3CoHThqF0NBSmkmeR21,3be2dd99cad04ada900fa6031f79fd34,2026-06-17T00:54:10Z,1,,2bf39e2a386c49d38ec18ebbca7cd969
spotify:track:2uzlv8PjqsVvF1DhEahyhy,3be2dd99cad04ada900fa6031f79fd34,2026-06-17T00:54:10Z,1,,2bf39e2a386c49d38ec18ebbca7cd969
spotify:track:6eU68KfzVvObvgQ9Mo7ty6,3be2dd99cad04ada900fa6031f79fd34,2026-06-17T00:54:10Z,1,,2bf39e2a386c49d38ec18ebbca7cd969
spotify:track:0HgjzZ06l7KsW4nwvQ9XNJ,3be2dd99cad04ada900fa6031f79fd34,2026-06-17T00:54:10Z,1,,2bf39e2a386c49d38ec18ebbca7cd969
spotify:track:20X9OeC606XNwEtDBOym5u,3be2dd99cad04ada900fa6031f79fd34,2026-06-17T00:54:10Z,2,Hello flashbacks lol used to love this song,2bf39e2a386c49d38ec18ebbca7cd969
spotify:track:0HgjzZ06l7KsW4nwvQ9XNJ,4ad89e5b9e954a30b70342f39fb86a85,2026-06-18T20:46:39Z,1,,2bf39e2a386c49d38ec18ebbca7cd969
spotify:track:20X9OeC606XNwEtDBOym5u,4ad89e5b9e954a30b70342f39fb86a85,2026-06-18T20:46:39Z,2,,2bf39e2a386c49d38ec18ebbca7cd969
spotify:track:4GvqCVh8BiLyneD3KaZJAa,4ad89e5b9e954a30b70342f39fb86a85,2026-06-18T20:46:39Z,3,,2bf39e2a386c49d38ec18ebbca7cd969
spotify:track:0GONea6G2XdnHWjNZd6zt3,bf719d27a6cb439ca8b18ff0ed0d13be,2026-06-19T13:00:02Z,0,Happy this is on here,2bf39e2a386c49d38ec18ebbca7cd969
spotify:track:6PUIzlqotEmPuBfjbwYWOB,bf719d27a6cb439ca8b18ff0ed0d13be,2026-06-19T13:00:02Z,0,Cloooose to points,2bf39e2a386c49d38ec18ebbca7cd969
spotify:track:2uzlv8PjqsVvF1DhEahyhy,bf719d27a6cb439ca8b18ff0ed0d13be,2026-06-19T13:00:02Z,2,This just makes me happy. ,2bf39e2a386c49d38ec18ebbca7cd969
spotify:track:0HgjzZ06l7KsW4nwvQ9XNJ,bf719d27a6cb439ca8b18ff0ed0d13be,2026-06-19T13:00:02Z,0,The Beastie boys sample makes me smile. Close but no cigar,2bf39e2a386c49d38ec18ebbca7cd969
spotify:track:5aJmSzmuhLI6fr1Rm0EnkS,bf719d27a6cb439ca8b18ff0ed0d13be,2026-06-19T13:00:02Z,1,"I live this song too much to not give it a point. Has the introspective adventure vibes of summer, too. ",2bf39e2a386c49d38ec18ebbca7cd969
spotify:track:00mO8JKk2wQ7VqdPcY1r4O,bf719d27a6cb439ca8b18ff0ed0d13be,2026-06-19T13:00:02Z,3,Im a sucker for songs in French. This song also is hilarious. ,2bf39e2a386c49d38ec18ebbca7cd969
spotify:track:1Hy3CoHThqF0NBSmkmeR21,2e30f2794fbd48b09ff2e9d38ecc851d,2026-06-19T14:51:00Z,2,,2bf39e2a386c49d38ec18ebbca7cd969
spotify:track:00mO8JKk2wQ7VqdPcY1r4O,2e30f2794fbd48b09ff2e9d38ecc851d,2026-06-19T14:51:00Z,1,,2bf39e2a386c49d38ec18ebbca7cd969
spotify:track:6PUIzlqotEmPuBfjbwYWOB,2e30f2794fbd48b09ff2e9d38ecc851d,2026-06-19T14:51:00Z,2,,2bf39e2a386c49d38ec18ebbca7cd969
spotify:track:7p4vHnYXkxlzvfePJVpcTr,2e30f2794fbd48b09ff2e9d38ecc851d,2026-06-19T14:51:00Z,1,,2bf39e2a386c49d38ec18ebbca7cd969
spotify:track:3XggC7KPptteNa1bka0Z0Z,8fc1dc71014e405da1c76d2fc096a6d6,2026-06-19T14:53:51Z,2,,2bf39e2a386c49d38ec18ebbca7cd969
spotify:track:1Hy3CoHThqF0NBSmkmeR21,8fc1dc71014e405da1c76d2fc096a6d6,2026-06-19T14:53:51Z,1,Simple but good,2bf39e2a386c49d38ec18ebbca7cd969
spotify:track:0GONea6G2XdnHWjNZd6zt3,8fc1dc71014e405da1c76d2fc096a6d6,2026-06-19T14:53:51Z,1,,2bf39e2a386c49d38ec18ebbca7cd969
spotify:track:6PUIzlqotEmPuBfjbwYWOB,8fc1dc71014e405da1c76d2fc096a6d6,2026-06-19T14:53:51Z,1,,2bf39e2a386c49d38ec18ebbca7cd969
spotify:track:6eU68KfzVvObvgQ9Mo7ty6,8fc1dc71014e405da1c76d2fc096a6d6,2026-06-19T14:53:51Z,1,,2bf39e2a386c49d38ec18ebbca7cd969
spotify:track:00mO8JKk2wQ7VqdPcY1r4O,e9ab942d00e14f5ba05b39991eb26919,2026-06-19T15:55:27Z,3,,2bf39e2a386c49d38ec18ebbca7cd969
spotify:track:0GONea6G2XdnHWjNZd6zt3,e9ab942d00e14f5ba05b39991eb26919,2026-06-19T15:55:27Z,1,,2bf39e2a386c49d38ec18ebbca7cd969
spotify:track:7p4vHnYXkxlzvfePJVpcTr,e9ab942d00e14f5ba05b39991eb26919,2026-06-19T15:55:27Z,2,,2bf39e2a386c49d38ec18ebbca7cd969
spotify:track:7p4vHnYXkxlzvfePJVpcTr,c1464401e87d41beaf84bf2bf8164ce9,2026-06-19T16:34:12Z,1,,2bf39e2a386c49d38ec18ebbca7cd969
spotify:track:6PUIzlqotEmPuBfjbwYWOB,c1464401e87d41beaf84bf2bf8164ce9,2026-06-19T16:34:12Z,1,,2bf39e2a386c49d38ec18ebbca7cd969
spotify:track:0GONea6G2XdnHWjNZd6zt3,c1464401e87d41beaf84bf2bf8164ce9,2026-06-19T16:34:12Z,1,,2bf39e2a386c49d38ec18ebbca7cd969
spotify:track:5aJmSzmuhLI6fr1Rm0EnkS,c1464401e87d41beaf84bf2bf8164ce9,2026-06-19T16:34:12Z,3,,2bf39e2a386c49d38ec18ebbca7cd969
spotify:track:0GONea6G2XdnHWjNZd6zt3,4bef5cf5b9314383b6c61a18935d5f4d,2026-06-19T16:55:53Z,2,,2bf39e2a386c49d38ec18ebbca7cd969
spotify:track:7p4vHnYXkxlzvfePJVpcTr,4bef5cf5b9314383b6c61a18935d5f4d,2026-06-19T16:55:53Z,3,,2bf39e2a386c49d38ec18ebbca7cd969
spotify:track:2Za1AlJNvksouPPWbXpR2X,4bef5cf5b9314383b6c61a18935d5f4d,2026-06-19T16:55:53Z,1,,2bf39e2a386c49d38ec18ebbca7cd969
spotify:track:7p4vHnYXkxlzvfePJVpcTr,376289a642444f0997c9e5c0d9051d0f,2026-06-19T19:04:32Z,1,,2bf39e2a386c49d38ec18ebbca7cd969
spotify:track:20X9OeC606XNwEtDBOym5u,376289a642444f0997c9e5c0d9051d0f,2026-06-19T19:04:32Z,1,,2bf39e2a386c49d38ec18ebbca7cd969
spotify:track:2uzlv8PjqsVvF1DhEahyhy,376289a642444f0997c9e5c0d9051d0f,2026-06-19T19:04:32Z,1,,2bf39e2a386c49d38ec18ebbca7cd969
spotify:track:2Za1AlJNvksouPPWbXpR2X,376289a642444f0997c9e5c0d9051d0f,2026-06-19T19:04:32Z,1,,2bf39e2a386c49d38ec18ebbca7cd969
spotify:track:4GvqCVh8BiLyneD3KaZJAa,376289a642444f0997c9e5c0d9051d0f,2026-06-19T19:04:32Z,1,,2bf39e2a386c49d38ec18ebbca7cd969
spotify:track:6PUIzlqotEmPuBfjbwYWOB,376289a642444f0997c9e5c0d9051d0f,2026-06-19T19:04:32Z,1,,2bf39e2a386c49d38ec18ebbca7cd969
spotify:track:7p4vHnYXkxlzvfePJVpcTr,f150238d20e64ce881808ef1e9bcd177,2026-06-19T19:56:53Z,1,"I mean, it's in the name",2bf39e2a386c49d38ec18ebbca7cd969
spotify:track:00mO8JKk2wQ7VqdPcY1r4O,f150238d20e64ce881808ef1e9bcd177,2026-06-19T19:56:53Z,3,,2bf39e2a386c49d38ec18ebbca7cd969
spotify:track:3XggC7KPptteNa1bka0Z0Z,f150238d20e64ce881808ef1e9bcd177,2026-06-19T19:56:53Z,2,,2bf39e2a386c49d38ec18ebbca7cd969
spotify:track:4GvqCVh8BiLyneD3KaZJAa,f150238d20e64ce881808ef1e9bcd177,2026-06-19T19:56:53Z,0,a bit too much truth for my summer haha,2bf39e2a386c49d38ec18ebbca7cd969
spotify:track:6eU68KfzVvObvgQ9Mo7ty6,f150238d20e64ce881808ef1e9bcd177,2026-06-19T19:56:53Z,0,honorable mention!,2bf39e2a386c49d38ec18ebbca7cd969
spotify:track:6PUIzlqotEmPuBfjbwYWOB,f150238d20e64ce881808ef1e9bcd177,2026-06-19T19:56:53Z,0,this is a great remix!,2bf39e2a386c49d38ec18ebbca7cd969
